{
  "baseline": {
    "acc": 0.7333333333333333,
    "cm": [
      [
        29,
        31
      ],
      [
        1,
        59
      ]
    ]
  },
  "mtl": {
    "acc": 0.5833333333333334,
    "cm": [
      [
        11,
        49
      ],
      [
        1,
        59
      ]
    ]
  },
  "softshare": {
    "acc": 0.5083333333333333,
    "cm": [
      [
        1,
        59
      ],
      [
        0,
        60
      ]
    ]
  }
}